{
  "ប": 0.456771,
  "ា": 1.0,
  "ន": 0.849568,
  "ក": 0.558774,
  "រ": 0.552722,
  "ៅ": 0.153008,
  "ិ": 0.223164,
  "ង": 0.395503,
  "ដ": 0.231387,
  "ែ": 0.193935,
  "ល": 0.3783,
  "ម": 0.40469,
  "ជ": 0.198576,
  "េ": 0.214171,
  "ះ": 0.136656,
  "ថ": 0.128285,
  "្": 0.705317,
  "ុ": 0.192133,
  "ស": 0.305371,
  "់": 0.227654,
  "ោ": 0.162396,
  "ព": 0.218795,
  "ី": 0.214901,
  "ួ": 0.113651,
  "យ": 0.274415,
  "ឹ": 0.066552,
  "ឲ": 0.03231,
  "ទ": 0.24044,
  "ត": 0.326958,
  "ូ": 0.1201,
  "វ": 0.14019,
  "ហ": 0.076112,
  "ើ": 0.205383,
  "ឆ": 0.024926,
  "ំ": 0.173586,
  "អ": 0.115274,
  "គ": 0.153259,
  "ខ": 0.09444,
  "ញ": 0.079868,
  "ច": 0.183802,
  "ឺ": 0.034212,
  "ធ": 0.063508,
  "៏": 0.03921,
  "ៃ": 0.054093,
  "៊": 0.020844,
  "ឡ": 0.032707,
  "ៀ": 0.032644,
  "ផ": 0.058952,
  "៉": 0.047509,
  "ភ": 0.052656,
  "ណ": 0.075829,
  "ៈ": 0.015457,
  "ឃ": 0.009661,
  "ឋ": 0.012196,
  "ឿ": 0.009973,
  "ឈ": 0.013591,
  "័": 0.020447,
  "៍": 0.010694,
  "ឌ": 0.005128,
  "ឍ": 0.001363,
  "ៗ": 0.003515,
  "ឱ": 0.002147,
  "ឯ": 0.007507,
  "៌": 0.003125,
  "ឪ": 0.000855,
  "ឬ": 0.001418,
  "ឧ": 0.003585,
  "ឥ": 0.002634,
  "ឭ": 0.000359,
  "ឫ": 0.000304,
  "ឦ": 7.9e-05,
  "ឮ": 0.000166,
  "១": 1.1e-05,
  "២": 9e-06,
  "០": 1.1e-05,
  "៥": 3e-06,
  "ឳ": 3e-06,
  "៎": 2e-06,
  "៣": 2e-06
}